Lambda,Accuracy,Sparsity
0.01,50.99,1.7498990442859066
0.1,51.59,7.780372947233813
1.0,50.82,24.821539742899446

